Designator,Comment,Footprint,Quantity,Manufacturer,Manufacturer Part Number
,,,,,
"C1, C2",10uF,C0603,2,,
"D1, D2, D3, D4, D5, D6, D7, D8, D9, D10",,LED0603,10,,
Q1,SI1012X-T1-GE3,SC-89-3,1,Vishay Siliconix,SI1012X-T1-GE3
"R1, R2",47K,R0402,2,,
"R3, R4",180k,R0402,2,,
"R5, R6, R7, R8, R9, R10, R11, R12, R13, R14",475R,R0402,10,,
R15,4.7k,R0402,1,,
U1,74LVC2G02RA3-7,X2-DFN2010-8 (XSON-8 SOT833-1),1,Diodes,74LVC2G02RA3-7
U2,"74LVC1G74GT,115",X2-DFN2010-8 (XSON-8 SOT833-1),1,Nexperia,"74LVC1G74GT,115"
,,,,,
"Capacitors 5% or better, any brand is ok",,,,,
Resistors 5% or better,,,,,
"LEDs are all 0603, color changes per order. ",,,,,
D5 and D10 are side facing LEDs,,,,,
"D1, D2, D3, D4, D6, D7, D8, D9 are normal up facing LEDs",,,,,
